"SUID","__mclCluster","name","PRWP","score","selected","shared name"
"72",,"SUPT3H",,,"false","SUPT3H"
"73","445","TRRAP","0.0",,"false","TRRAP"
"75","192","USO1","0.0",,"false","USO1"
"76","188","STXBP1","0.0",,"false","STXBP1"
"79","16","HDAC2","0.14285714285714285","1","false","HDAC2"
"80","16","PHF21A","0.14285714285714285",,"false","PHF21A"
"82","565","NFE2L2","0.0",,"false","NFE2L2"
"83","565","MAFF","0.0",,"false","MAFF"
"85","191","SRPK1","0.0",,"false","SRPK1"
"86","191","SRSF6","0.0",,"false","SRSF6"
"88","564","HMGN1","0.5",,"false","HMGN1"
"89","564","RPS6KA3","0.5","1","false","RPS6KA3"
"91","81","TGFBI","0.25","1","false","TGFBI"
"92","81","COL1A1","0.25",,"false","COL1A1"
"94","196","ERCC3","0.0",,"false","ERCC3"
"95","100","CCNH","0.25",,"false","CCNH"
"97","563","PTGES3","0.0",,"false","PTGES3"
"98","563","AIP","0.0",,"false","AIP"
"100","29","CCT3","0.0",,"false","CCT3"
"101","29","CCT4","0.0",,"false","CCT4"
"103","157","CYBB","0.0",,"false","CYBB"
"104","157","CYBA","0.0",,"false","CYBA"
"106","4","USP14","0.0",,"false","USP14"
"107","4","PSMC3","0.0",,"false","PSMC3"
"109","562","BBS7","0.0",,"false","BBS7"
"110","562","BBS2","0.0",,"false","BBS2"
"112","153","LYN","0.0",,"false","LYN"
"113","58","PLCG1","0.25",,"false","PLCG1"
"115","441","QARS","0.0",,"false","QARS"
"116","35","MARS","0.0",,"false","MARS"
"118","94","BAD","0.5","1","false","BAD"
"119","94","MCL1","0.5","1","false","MCL1"
"121","43","POLR2H","0.0",,"false","POLR2H"
"122","43","POLR3H","0.0",,"false","POLR3H"
"124","561","GNG13","0.0",,"false","GNG13"
"125","561","GNB4","0.0",,"false","GNB4"
"127","70","PSMD6","0.0",,"false","PSMD6"
"128",,"PSMD2",,,"false","PSMD2"
"130","1","MYC","0.41666666666666663","1","false","MYC"
"131","1","GCN1","0.41666666666666663",,"false","GCN1"
"133","61","RTF1","0.0",,"false","RTF1"
"134","61","CTR9","0.0",,"false","CTR9"
"136","155","PDGFRB","0.6666666666666666","1","false","PDGFRB"
"137","155","PTPRJ","0.6666666666666666",,"false","PTPRJ"
"139","71","PTPN6","0.0",,"false","PTPN6"
"140","549","LCP2","0.0",,"false","LCP2"
"142","560","TBK1","0.0",,"false","TBK1"
"143","560","OPTN","0.0",,"false","OPTN"
"145","559","EFNB2","0.5",,"false","EFNB2"
"146","559","EPHB4","0.5","1","false","EPHB4"
"148","4","PSMD11","0.0",,"false","PSMD11"
"149","455","PSMC5","0.0",,"false","PSMC5"
"151","558","CCL1","0.5",,"false","CCL1"
"152","558","CCR1","0.5","1","false","CCR1"
"154","9","NCOR1","0.11111111111111112",,"false","NCOR1"
"155","9","NCOR2","0.11111111111111112","1","false","NCOR2"
"157","80","RUVBL1","0.5","1","false","RUVBL1"
"158","1","EP400","0.41666666666666663",,"false","EP400"
"160","557","CAMLG","0.0",,"false","CAMLG"
"161","557","TNFRSF13B","0.0",,"false","TNFRSF13B"
"163","11","PSMA7","0.0",,"false","PSMA7"
"164","11","PSMB2","0.0",,"false","PSMB2"
"166","44","RNF103","0.0",,"false","RNF103"
"167","44","UBE2N","0.0",,"false","UBE2N"
"169","97","GNAQ","0.0",,"false","GNAQ"
"170","97","PLCB1","0.0",,"false","PLCB1"
"172","49","DTX1","0.2",,"false","DTX1"
"173","49","NOTCH1","0.2","1","false","NOTCH1"
"175",,"CDC25C",,"1","false","CDC25C"
"176","418","YWHAE","0.0",,"false","YWHAE"
"178","23","EP300","0.3333333333333333","1","false","EP300"
"179","19","HDAC1","0.2857142857142857","1","false","HDAC1"
"181","197","ANXA11","0.0",,"false","ANXA11"
"182","197","ALG2","0.0",,"false","ALG2"
"184","76","CCNY","0.0",,"false","CCNY"
"185","76","YWHAG","0.0",,"false","YWHAG"
"187","4","PSMD12","0.0",,"false","PSMD12"
"188","4","PSMD7","0.0",,"false","PSMD7"
"190","556","RHOG","0.0",,"false","RHOG"
"191","556","VAV2","0.0",,"false","VAV2"
"193","30","PSMA3","0.0",,"false","PSMA3"
"194","11","PSMB3","0.0",,"false","PSMB3"
"196","337","NFKBIA","0.0",,"false","NFKBIA"
"197","341","RPS6KA1","0.5",,"false","RPS6KA1"
"199","178","VHL","0.3333333333333333",,"false","VHL"
"200","159","NEDD8","0.0",,"false","NEDD8"
"202","284","TELO2","0.0",,"false","TELO2"
"203","279","ATM","0.5","1","false","ATM"
"206","36","TOM1L1","0.0",,"false","TOM1L1"
"207","36","CLTC","0.0",,"false","CLTC"
"209","49","LFNG","0.2",,"false","LFNG"
"211","420","AFF4","0.0",,"false","AFF4"
"212","282","CDK9","0.0",,"false","CDK9"
"214","555","APLF","0.0",,"false","APLF"
"215","555","XRCC4","0.0",,"false","XRCC4"
"217","554","MTA1","0.5","1","false","MTA1"
"218","554","RBBP7","0.5",,"false","RBBP7"
"220","17","CUL1","0.14285714285714285",,"false","CUL1"
"221","17","FBXO7","0.14285714285714285",,"false","FBXO7"
"223","196","GTF2H1","0.0",,"false","GTF2H1"
"224","12","POLR2A","0.0",,"false","POLR2A"
"227","4","PSMD8","0.0",,"false","PSMD8"
"229","553","OSMR","0.5",,"false","OSMR"
"230","553","OSM","0.5","1","false","OSM"
"232","200","TUBB","0.0",,"false","TUBB"
"233","200","HDAC6","0.0",,"false","HDAC6"
"235","169","PRPF19","0.0",,"false","PRPF19"
"236","169","CDC5L","0.0",,"false","CDC5L"
"238","552","BIRC2","0.0",,"false","BIRC2"
"239","552","RIPK1","0.0",,"false","RIPK1"
"241","18","RNF115","0.14285714285714285",,"false","RNF115"
"242","18","UBE2D2","0.14285714285714285",,"false","UBE2D2"
"244","10","EIF3B","0.11111111111111112",,"false","EIF3B"
"245","10","EIF3E","0.11111111111111112",,"false","EIF3E"
"247","120","BARD1","0.0",,"false","BARD1"
"248","120","CSTF2","0.0",,"false","CSTF2"
"251","10","EIF3L","0.11111111111111112",,"false","EIF3L"
"252","10","EIF3F","0.11111111111111112",,"false","EIF3F"
"254","551","SKP1","0.0",,"false","SKP1"
"255","551","KDM2B","0.0",,"false","KDM2B"
"257","550","CTSG","0.0",,"false","CTSG"
"258","550","PPBP","0.0",,"false","PPBP"
"260","363","PSEN1","0.0",,"false","PSEN1"
"261","290","APBA1","0.0",,"false","APBA1"
"263","90","SMC4","0.0",,"false","SMC4"
"264","262","NCAPH","0.0",,"false","NCAPH"
"266","102","ACTA1","0.0",,"false","ACTA1"
"267","102","CNN1","0.0",,"false","CNN1"
"269","4","PSMC1","0.0",,"false","PSMC1"
"271","98","TCEB2","0.0",,"false","TCEB2"
"272","98","CUL5","0.0",,"false","CUL5"
"274","83","EIF2S2","0.0",,"false","EIF2S2"
"275","83","EIF2B4","0.0",,"false","EIF2B4"
"277","10","EIF3C","0.11111111111111112",,"false","EIF3C"
"279","68","ZNF76","0.0",,"false","ZNF76"
"280","68","TBP","0.0",,"false","TBP"
"282","96","TAF7","0.0",,"false","TAF7"
"283","96","TAF5","0.0",,"false","TAF5"
"285","25","STK4","0.0",,"false","STK4"
"286","25","STK3","0.0",,"false","STK3"
"288","95","SIVA1","0.25",,"false","SIVA1"
"289","95","BCL2L1","0.25","1","false","BCL2L1"
"291","19","DDX5","0.2857142857142857",,"false","DDX5"
"293","100","MNAT1","0.25",,"false","MNAT1"
"294","100","GTF2H3","0.25",,"false","GTF2H3"
"296","108","KEAP1","0.0",,"false","KEAP1"
"297","478","SQSTM1","0.0",,"false","SQSTM1"
"299","280","BBS9","0.0",,"false","BBS9"
"301",,"XIAP",,"1","false","XIAP"
"303","85","HAT1","0.0",,"false","HAT1"
"304","85","HIST1H3A","0.0",,"false","HIST1H3A"
"306","549","LAT","0.0",,"false","LAT"
"308","19","MXD1","0.2857142857142857",,"false","MXD1"
"310","354","CSNK1A1","0.0",,"false","CSNK1A1"
"311","15","MDM2","0.0",,"false","MDM2"
"313","2","RPS16","0.0",,"false","RPS16"
"314","2","RPS3","0.0",,"false","RPS3"
"316","34","H2AFX","0.0",,"false","H2AFX"
"317","34","SUPT16H","0.0",,"false","SUPT16H"
"319",,"PRKCD",,"1","false","PRKCD"
"320","119","SHC1","0.3333333333333333","1","false","SHC1"
"322","74","MAPK1","0.5","1","false","MAPK1"
"324","548","MSX2","0.0",,"false","MSX2"
"325","548","MAGED1","0.0",,"false","MAGED1"
"327","470","PSMD13","0.0",,"false","PSMD13"
"329","49","MFNG","0.2",,"false","MFNG"
"331","184","TCERG1","0.0",,"false","TCERG1"
"332","184","SF3B3","0.0",,"false","SF3B3"
"334","547","LIN9","0.0",,"false","LIN9"
"335","547","E2F4","0.0",,"false","E2F4"
"337","546","DEPTOR","0.0",,"false","DEPTOR"
"338","546","MTOR","0.0",,"false","MTOR"
"340","545","DYRK1A","0.0",,"false","DYRK1A"
"341","545","DCAF7","0.0",,"false","DCAF7"
"343","135","VBP1","0.0",,"false","VBP1"
"344","135","PFDN4","0.0",,"false","PFDN4"
"346","11","PSMB4","0.0",,"false","PSMB4"
"348","20","TRAF6","0.0",,"false","TRAF6"
"350","183","HDAC4","0.6666666666666666",,"false","HDAC4"
"351","147","UBE2I","0.3333333333333333",,"false","UBE2I"
"353","544","GRIP1","0.0",,"false","GRIP1"
"354","544","GRIA2","0.0",,"false","GRIA2"
"356",,"APC",,"1","false","APC"
"357","177","CTNNA1","0.3333333333333333",,"false","CTNNA1"
"359","14","CBL","0.14285714285714285",,"false","CBL"
"360","14","MST1R","0.14285714285714285",,"false","MST1R"
"362","195","ERBB4","1.0","1","false","ERBB4"
"363","195","WWOX","1.0","1","false","WWOX"
"365","6","MED14","0.0",,"false","MED14"
"366","6","CDK8","0.0",,"false","CDK8"
"368","435","ARPC5L","0.0",,"false","ARPC5L"
"369",,"ARPC2",,,"false","ARPC2"
"371","11","PSMB6","0.0",,"false","PSMB6"
"372","11","PSMA4","0.0",,"false","PSMA4"
"374","543","MAD1L1","0.0",,"false","MAD1L1"
"375","543","SIN3B","0.0",,"false","SIN3B"
"377","42","SERPINA5","0.0",,"false","SERPINA5"
"378","42","F2","0.0",,"false","F2"
"380","115","MCM4","0.3333333333333333",,"false","MCM4"
"381","5","CDK2","0.3",,"false","CDK2"
"383","148","THBD","0.0",,"false","THBD"
"384","148","PROC","0.0",,"false","PROC"
"386","121","SH3GL2","0.0",,"false","SH3GL2"
"387","121","AMPH","0.0",,"false","AMPH"
"389",,"COL1A2",,,"false","COL1A2"
"391","136","HSPA4","0.0",,"false","HSPA4"
"392","63","EGFR","0.5","1","false","EGFR"
"394","202","DMD","0.0",,"false","DMD"
"395","202","PGM5","0.0",,"false","PGM5"
"397","168","PELP1","0.3333333333333333","1","false","PELP1"
"398","168","SENP3","0.3333333333333333",,"false","SENP3"
"400","511","SMARCB1","0.0",,"false","SMARCB1"
"401","203","SMARCD1","0.0",,"false","SMARCD1"
"403","99","MAD2L1","0.0",,"false","MAD2L1"
"404","99","ANAPC2","0.0",,"false","ANAPC2"
"406","66","PPP6R3","0.0",,"false","PPP6R3"
"407","66","PPP6C","0.0",,"false","PPP6C"
"409","424","PIK3CA","0.0",,"false","PIK3CA"
"410",,"IRS1",,"1","false","IRS1"
"412","542","EIF4G1","0.0",,"false","EIF4G1"
"413","542","G3BP1","0.0",,"false","G3BP1"
"415","3","DDB1","0.0",,"false","DDB1"
"416","3","DCAF12","0.0",,"false","DCAF12"
"418","203","SMARCC2","0.0",,"false","SMARCC2"
"419","203","SMARCE1","0.0",,"false","SMARCE1"
"421","541","SCG5","0.0",,"false","SCG5"
"422","541","PCSK2","0.0",,"false","PCSK2"
"424","1","SKP2","0.41666666666666663","1","false","SKP2"
"426","24","STK24","0.0",,"false","STK24"
"427","24","STRN3","0.0",,"false","STRN3"
"431","379","FBXW11","0.0",,"false","FBXW11"
"432","301","CTNNB1","0.5","1","false","CTNNB1"
"434","79","MRPL36","0.25",,"false","MRPL36"
"435","79","BRCA1","0.25","1","false","BRCA1"
"437","48","CDC42","0.0",,"false","CDC42"
"438","48","PRKCI","0.0",,"false","PRKCI"
"440","540","CYFIP2","0.0",,"false","CYFIP2"
"441","540","WASF1","0.0",,"false","WASF1"
"443","83","EIF2B5","0.0",,"false","EIF2B5"
"445","56","NR0B2","0.25",,"false","NR0B2"
"447","162","MAP3K7","0.3333333333333333","1","false","MAP3K7"
"448","162","NOD2","0.3333333333333333",,"false","NOD2"
"450","13","TCEB1","0.0",,"false","TCEB1"
"451","13","FEM1B","0.0",,"false","FEM1B"
"453",,"COPB1",,,"false","COPB1"
"454","201","COPE","0.3333333333333333","1","false","COPE"
"457","170","RPLP1","0.0",,"false","RPLP1"
"458","170","RPLP0","0.0",,"false","RPLP0"
"461","125","JAM3","0.0",,"false","JAM3"
"462","125","F2RL2","0.0",,"false","F2RL2"
"464","472","MED1","0.0",,"false","MED1"
"465","6","MED25","0.0",,"false","MED25"
"467","539","STAT5A","0.5","1","false","STAT5A"
"468","539","TSLP","0.5",,"false","TSLP"
"470","101","TFDP2","0.25",,"false","TFDP2"
"471","101","E2F3","0.25","1","false","E2F3"
"473","22","KPNA6","0.16666666666666666",,"false","KPNA6"
"474","22","KPNB1","0.16666666666666666",,"false","KPNB1"
"476","165","ULK1","0.0",,"false","ULK1"
"477","165","ATG13","0.0",,"false","ATG13"
"479","538","SNRPB2","0.0",,"false","SNRPB2"
"480","538","SMN1","0.0",,"false","SMN1"
"482","537","SUPT5H","0.0",,"false","SUPT5H"
"483","537","CCNT1","0.0",,"false","CCNT1"
"486","57","DCTN2","0.0",,"false","DCTN2"
"487","57","ACTR1A","0.0",,"false","ACTR1A"
"489","536","TGOLN2","0.0",,"false","TGOLN2"
"490","536","AP1M2","0.0",,"false","AP1M2"
"492",,"BIRC3",,"1","false","BIRC3"
"493","232","UBE2D3","0.0",,"false","UBE2D3"
"495","535","ORC1","0.0",,"false","ORC1"
"496","535","ORC4","0.0",,"false","ORC4"
"498","56","RARA","0.25","1","false","RARA"
"500","44","OTUB1","0.0",,"false","OTUB1"
"502","9","IKZF3","0.11111111111111112",,"false","IKZF3"
"503","9","SIN3A","0.11111111111111112",,"false","SIN3A"
"505","534","F13A1","0.5",,"false","F13A1"
"506","534","FGG","0.5","1","false","FGG"
"508","533","GUCA2A","0.0",,"false","GUCA2A"
"509","533","GUCY2C","0.0",,"false","GUCY2C"
"511","161","BAX","0.3333333333333333","1","false","BAX"
"512","161","BCL2L11","0.3333333333333333",,"false","BCL2L11"
"514","199","IL20","0.0",,"false","IL20"
"515","199","IL20RA","0.0",,"false","IL20RA"
"518","532","XRCC3","0.0",,"false","XRCC3"
"519","532","FANCG","0.0",,"false","FANCG"
"523","198","MID1","0.0",,"false","MID1"
"524","198","UBE2E2","0.0",,"false","UBE2E2"
"526","134","MBD3","0.0",,"false","MBD3"
"527",,"KDM1A",,,"false","KDM1A"
"529","531","TMPO","0.0",,"false","TMPO"
"530","531","BANF1","0.0",,"false","BANF1"
"532","11","PSMB5","0.0",,"false","PSMB5"
"534","530","POLR2G","0.0",,"false","POLR2G"
"535","530","POLR2J","0.0",,"false","POLR2J"
"537","201","COPG1","0.3333333333333333",,"false","COPG1"
"539","88","TAF10","0.0",,"false","TAF10"
"540","88","TAF8","0.0",,"false","TAF8"
"542","99","CDC20","0.0",,"false","CDC20"
"544","2","RPS29","0.0",,"false","RPS29"
"546","16","CHD3","0.14285714285714285",,"false","CHD3"
"548","512","UBE2D1","0.0",,"false","UBE2D1"
"550","529","XPC","0.0",,"false","XPC"
"551","529","RAD23A","0.0",,"false","RAD23A"
"553","528","XRCC2","0.0",,"false","XRCC2"
"554","528","RAD51C","0.0",,"false","RAD51C"
"556","1","ACTL6A","0.41666666666666663",,"false","ACTL6A"
"557","1","KAT5","0.41666666666666663",,"false","KAT5"
"559","61","PAF1","0.0",,"false","PAF1"
"561","527","RPS12","0.0",,"false","RPS12"
"562","527","RPS26","0.0",,"false","RPS26"
"564","329","HDAC3","0.0",,"false","HDAC3"
"565","19","CCND1","0.2857142857142857","1","false","CCND1"
"567","30","PSMA2","0.0",,"false","PSMA2"
"568","30","PSMB8","0.0",,"false","PSMB8"
"570","41","RB1","0.6","1","false","RB1"
"571","41","CCND3","0.6","1","false","CCND3"
"573","187","SRCAP","0.0",,"false","SRCAP"
"574","187","DMAP1","0.0",,"false","DMAP1"
"576","26","DDX39B","0.0",,"false","DDX39B"
"577","26","THOC2","0.0",,"false","THOC2"
"579","11","PSMA5","0.0",,"false","PSMA5"
"581","526","TNFRSF11B","1.0","1","false","TNFRSF11B"
"582","526","TNFSF10","1.0","1","false","TNFSF10"
"584","222","INSR","0.0",,"false","INSR"
"586","503","RNF7","0.0",,"false","RNF7"
"588","525","PDK1","0.0",,"false","PDK1"
"589","525","PDHA1","0.0",,"false","PDHA1"
"591","524","SEPT7","0.0",,"false","SEPT7"
"592","524","SEPT2","0.0",,"false","SEPT2"
"594","38","SF3A2","0.0",,"false","SF3A2"
"595","38","SF3B2","0.0",,"false","SF3B2"
"597","523","COL5A3","0.0",,"false","COL5A3"
"598","523","COL5A1","0.0",,"false","COL5A1"
"600","522","PXN","0.0",,"false","PXN"
"601","522","PTPN11","0.0",,"false","PTPN11"
"603","1","CDKN1A","0.41666666666666663","1","false","CDKN1A"
"605","118","COPS3","0.0",,"false","COPS3"
"607","164","CDK1","0.0",,"false","CDK1"
"608","164","USP16","0.0",,"false","USP16"
"611","11","PSMB1","0.0",,"false","PSMB1"
"613","139","RBBP4","0.3333333333333333",,"false","RBBP4"
"615","182","BRCC3","0.0",,"false","BRCC3"
"616","182","FAM175A","0.0",,"false","FAM175A"
"618","451","RXFP1","0.0",,"false","RXFP1"
"619","242","RLN2","0.5","1","false","RLN2"
"621","111","RING1","0.3333333333333333","1","false","RING1"
"622","111","PCGF1","0.3333333333333333",,"false","PCGF1"
"624","521","PARD6A","0.0",,"false","PARD6A"
"625","521","LLGL2","0.0",,"false","LLGL2"
"627","108","TSC22D4","0.0",,"false","TSC22D4"
"629","84","BCR","0.25",,"false","BCR"
"630","84","JAK2","0.25",,"false","JAK2"
"632","520","TRAPPC8","0.0",,"false","TRAPPC8"
"633","520","TRAPPC3","0.0",,"false","TRAPPC3"
"636","64","GNB1","0.0",,"false","GNB1"
"638","29","CCT6A","0.0",,"false","CCT6A"
"640","159","RPL11","0.0",,"false","RPL11"
"642","27","CXCL10","0.5","1","false","CXCL10"
"643","27","DPP4","0.5","1","false","DPP4"
"645","314","AMFR","0.0",,"false","AMFR"
"646","7","VCP","0.0",,"false","VCP"
"648","17","FBXO11","0.14285714285714285",,"false","FBXO11"
"650","110","SIAH1","0.3333333333333333",,"false","SIAH1"
"652","202","SNTG1","0.0",,"false","SNTG1"
"654","223","SMAD3","0.5","1","false","SMAD3"
"655",,"PIN1",,"1","false","PIN1"
"657","519","CHUK","1.0","1","false","CHUK"
"658","519","MAP3K1","1.0","1","false","MAP3K1"
"660","518","VIP","1.0","1","false","VIP"
"661","518","VIPR1","1.0","1","false","VIPR1"
"663","201","COPZ2","0.3333333333333333",,"false","COPZ2"
"665","517","GIPR","0.0",,"false","GIPR"
"666","517","GIP","0.0",,"false","GIP"
"668","50","DGKZ","0.25",,"false","DGKZ"
"669","50","PRKCA","0.25","1","false","PRKCA"
"671","516","UTRN","0.0",,"false","UTRN"
"672","516","DRP2","0.0",,"false","DRP2"
"675","515","PRIM2","0.0",,"false","PRIM2"
"676","515","POLA2","0.0",,"false","POLA2"
"678","5","H1F0","0.3",,"false","H1F0"
"680","325","ITGAM","0.0",,"false","ITGAM"
"681","352","ICAM1","0.5","1","false","ICAM1"
"683","514","GP1BA","0.0",,"false","GP1BA"
"684","514","VWF","0.0",,"false","VWF"
"687","124","FKBP8","0.0",,"false","FKBP8"
"688","124","EGLN1","0.0",,"false","EGLN1"
"690","62","IL1R1","0.0",,"false","IL1R1"
"691","62","MYD88","0.0",,"false","MYD88"
"693","172","APP","0.0",,"false","APP"
"694","172","LRP1","0.0",,"false","LRP1"
"696","98","DCUN1D1","0.0",,"false","DCUN1D1"
"698","183","ZBTB16","0.6666666666666666","1","false","ZBTB16"
"700",,"PHC1",,,"false","PHC1"
"701","179","CBX4","0.3333333333333333",,"false","CBX4"
"703","5","CDC25B","0.3","1","false","CDC25B"
"705","513","CASP2","0.0",,"false","CASP2"
"706","513","MZB1","0.0",,"false","MZB1"
"708","512","RLIM","0.0",,"false","RLIM"
"710","370","E2F1","0.5","1","false","E2F1"
"714","41","MAPK14","0.6","1","false","MAPK14"
"716","6","MED6","0.0",,"false","MED6"
"717","6","MED21","0.0",,"false","MED21"
"719","2","RPS2","0.0",,"false","RPS2"
"721","86","COPS2","0.0",,"false","COPS2"
"722","86","COPS6","0.0",,"false","COPS6"
"724","511","SMARCC1","0.0",,"false","SMARCC1"
"726","438","TRIM5","0.0",,"false","TRIM5"
"728","97","FFAR1","0.0",,"false","FFAR1"
"730","73","MAPK8IP2","0.25",,"false","MAPK8IP2"
"731","73","MAPK13","0.25",,"false","MAPK13"
"733","22","NUP98","0.16666666666666666",,"false","NUP98"
"735","190","GSK3A","0.0",,"false","GSK3A"
"736","473","PRKCB","0.0",,"false","PRKCB"
"738","510","MED4","0.0",,"false","MED4"
"739","510","MED12","0.0",,"false","MED12"
"741","509","INO80","0.5",,"false","INO80"
"742","509","YY1","0.5","1","false","YY1"
"744","10","EIF3D","0.11111111111111112",,"false","EIF3D"
"745","10","EIF3H","0.11111111111111112","1","false","EIF3H"
"747","71","IFNAR1","0.0",,"false","IFNAR1"
"749","508","PTPRF","0.5",,"false","PTPRF"
"750","508","BCAR1","0.5","1","false","BCAR1"
"752","507","HMGB1","0.5","1","false","HMGB1"
"753","507","TAF1","0.5",,"false","TAF1"
"755","378","SRC","0.5","1","false","SRC"
"757","18","RNF25","0.14285714285714285",,"false","RNF25"
"759","101","CDK3","0.25",,"false","CDK3"
"760","101","E2F2","0.25",,"false","E2F2"
"762","506","MAP4K1","0.0",,"false","MAP4K1"
"763","506","ABL1","0.0",,"false","ABL1"
"765","272","CASP3","0.0",,"false","CASP3"
"767","3","DCAF4","0.0",,"false","DCAF4"
"769","505","PDE6D","0.5",,"false","PDE6D"
"770","505","HRAS","0.5","1","false","HRAS"
"772","504","CASP10","0.5",,"false","CASP10"
"773","504","FAS","0.5","1","false","FAS"
"775","30","PSMA6","0.0",,"false","PSMA6"
"777","503","ASB2","0.0",,"false","ASB2"
"779","6","MED13","0.0",,"false","MED13"
"781","194","AP3B1","0.0",,"false","AP3B1"
"782","194","AP3D1","0.0",,"false","AP3D1"
"785","13","SPSB4","0.0",,"false","SPSB4"
"787","21","FBXO5","0.16666666666666666",,"false","FBXO5"
"788","21","CDC27","0.16666666666666666",,"false","CDC27"
"790","158","HCFC1","0.0",,"false","HCFC1"
"791","158","ASH2L","0.0",,"false","ASH2L"
"793","31","RIPK2","0.0",,"false","RIPK2"
"794","31","NGFR","0.0",,"false","NGFR"
"796","52","PLCG2","0.0",,"false","PLCG2"
"797","52","SYK","0.0",,"false","SYK"
"799","200","TUBA1A","0.0",,"false","TUBA1A"
"802","174","FBXW8","0.0",,"false","FBXW8"
"803","174","RBX1","0.0",,"false","RBX1"
"805","502","RAD21","0.0",,"false","RAD21"
"806","502","PDS5B","0.0",,"false","PDS5B"
"808","501","CSF3R","0.0",,"false","CSF3R"
"809","501","CSF2","0.0",,"false","CSF2"
"811","489","BTRC","0.5","1","false","BTRC"
"814","177","CDH2","0.3333333333333333","1","false","CDH2"
"817","371","RAD50","0.0",,"false","RAD50"
"819","100","ERCC2","0.25","1","false","ERCC2"
"821","500","STX4","0.0",,"false","STX4"
"822","500","STXBP3","0.0",,"false","STXBP3"
"824","16","ZMYM2","0.14285714285714285",,"false","ZMYM2"
"826","499","EIF4E","0.0",,"false","EIF4E"
"827","499","DDX3X","0.0",,"false","DDX3X"
"829","92","AURKB","0.25",,"false","AURKB"
"830","92","CENPA","0.25",,"false","CENPA"
"833","99","FZR1","0.0",,"false","FZR1"
"835","40","STAT6","0.4","1","false","STAT6"
"836","40","NCOA1","0.4",,"false","NCOA1"
"838","498","NUTF2","0.0",,"false","NUTF2"
"839","498","NUP62","0.0",,"false","NUP62"
"841","13","TCEB3","0.0",,"false","TCEB3"
"844","73","MBP","0.25",,"false","MBP"
"846","173","SMURF1","0.0",,"false","SMURF1"
"847","173","TGFBR1","0.0",,"false","TGFBR1"
"849","24","STRN","0.0",,"false","STRN"
"853","497","NXF1","0.0",,"false","NXF1"
"854","497","RAN","0.0",,"false","RAN"
"856","136","STUB1","0.0",,"false","STUB1"
"858","496","FHL5","0.0",,"false","FHL5"
"859","496","CREM","0.0",,"false","CREM"
"861","495","POU2AF1","0.0",,"false","POU2AF1"
"862","495","SLC22A1","0.0",,"false","SLC22A1"
"864","494","CFH","0.0",,"false","CFH"
"865","494","CFI","0.0",,"false","CFI"
"867","7","ASPSCR1","0.0",,"false","ASPSCR1"
"869","3","WDTC1","0.0",,"false","WDTC1"
"871","39","FAAP100","0.0",,"false","FAAP100"
"872","39","FANCA","0.0",,"false","FANCA"
"874","493","RFX2","0.0",,"false","RFX2"
"875","493","RFX1","0.0",,"false","RFX1"
"877","62","IL1A","0.0",,"false","IL1A"
"879","109","CUL2","0.0",,"false","CUL2"
"881","7","ANKZF1","0.0",,"false","ANKZF1"
"883","60","SNRPD3","0.0",,"false","SNRPD3"
"884","60","CLNS1A","0.0",,"false","CLNS1A"
"886","87","PIP5K1A","0.0",,"false","PIP5K1A"
"887","87","ARF1","0.0",,"false","ARF1"
"889","1","PIAS2","0.41666666666666663",,"false","PIAS2"
"892","492","DOK1","0.0",,"false","DOK1"
"893","492","TEC","0.0",,"false","TEC"
"895","491","CD3E","0.0",,"false","CD3E"
"896","491","CD247","0.0",,"false","CD247"
"898","47","HAND1","0.0",,"false","HAND1"
"899","47","HAND2","0.0",,"false","HAND2"
"903","490","NMUR2","0.0",,"false","NMUR2"
"904","490","NMU","0.0",,"false","NMU"
"908","186","AKAP11","0.3333333333333333",,"false","AKAP11"
"909","186","GSK3B","0.3333333333333333","1","false","GSK3B"
"911","460","STAT3","0.5","1","false","STAT3"
"913","489","SNAI1","0.5",,"false","SNAI1"
"915","488","ACTR8","0.0",,"false","ACTR8"
"916","488","RUVBL2","0.0",,"false","RUVBL2"
"918","113","CSNK1E","0.0",,"false","CSNK1E"
"919","113","MCC","0.0",,"false","MCC"
"921","487","MVB12A","0.0",,"false","MVB12A"
"922","487","CD2AP","0.0",,"false","CD2AP"
"924","7","VCPIP1","0.0",,"false","VCPIP1"
"926","57","DCTN1","0.0",,"false","DCTN1"
"928","486","SHOC2","0.0",,"false","SHOC2"
"929","486","NRAS","0.0",,"false","NRAS"
"931","6","MED23","0.0",,"false","MED23"
"933","152","CD47","0.0",,"false","CD47"
"934","152","SIRPA","0.0",,"false","SIRPA"
"938","485","HIST1H1A","0.5",,"false","HIST1H1A"
"939","485","CCNA1","0.5","1","false","CCNA1"
"941","484","CALCRL","0.0",,"false","CALCRL"
"942","484","RAMP2","0.0",,"false","RAMP2"
"944","149","UBE2L3","0.0",,"false","UBE2L3"
"945","149","UBA1","0.0",,"false","UBA1"
"947","122","ADRA2A","0.0",,"false","ADRA2A"
"948","122","GNAO1","0.0",,"false","GNAO1"
"950","483","VPS4B","0.0",,"false","VPS4B"
"951","483","PDCD6IP","0.0",,"false","PDCD6IP"
"954","25","RASSF6","0.0",,"false","RASSF6"
"956","6","MED16","0.0",,"false","MED16"
"958","383","HDAC5","0.5",,"false","HDAC5"
"960","4","PSMC6","0.0",,"false","PSMC6"
"962","482","CDC37","0.0",,"false","CDC37"
"963","482","STK11","0.0",,"false","STK11"
"965","30","PSMA1","0.0",,"false","PSMA1"
"967",,"DNMT1",,"1","false","DNMT1"
"969","199","IL20RB","0.0",,"false","IL20RB"
"971","166","YWHAQ","0.0",,"false","YWHAQ"
"973","109","LRR1","0.0",,"false","LRR1"
"976","393","RNF2","0.0",,"false","RNF2"
"978","189","RIN1","0.0",,"false","RIN1"
"979","189","YWHAB","0.0",,"false","YWHAB"
"981","481","HIC1","0.0",,"false","HIC1"
"982","481","CTBP2","0.0",,"false","CTBP2"
"984","17","FBXO31","0.14285714285714285",,"false","FBXO31"
"986","193","NUP107","0.0",,"false","NUP107"
"987","193","SEC13","0.0",,"false","SEC13"
"989","1","TUBA4A","0.41666666666666663",,"false","TUBA4A"
"992","27","CXCL12","0.5","1","false","CXCL12"
"994","13","SPSB1","0.0",,"false","SPSB1"
"996","78","COPG2","0.0",,"false","COPG2"
"997","78","COPB2","0.0",,"false","COPB2"
"1000","13","ASB8","0.0",,"false","ASB8"
"1003","198","RNF8","0.0",,"false","RNF8"
"1006","233","ACIN1","0.0",,"false","ACIN1"
"1008","3","DTL","0.0",,"false","DTL"
"1010","49","DLL4","0.2",,"false","DLL4"
"1013","465","PRPF6","0.0",,"false","PRPF6"
"1015","86","COPS7A","0.0",,"false","COPS7A"
"1017","480","ARHGEF7","0.0",,"false","ARHGEF7"
"1018","480","SCRIB","0.0",,"false","SCRIB"
"1020","55","TRIM25","0.0",,"false","TRIM25"
"1022","197","PEF1","0.0",,"false","PEF1"
"1024","176","ACTR3","0.0",,"false","ACTR3"
"1025","176","WASF2","0.0",,"false","WASF2"
"1027","67","NCOA2","0.75","1","false","NCOA2"
"1029","408","WDR61","0.0",,"false","WDR61"
"1031","2","RPS14","0.0",,"false","RPS14"
"1033","39","FANCM","0.0",,"false","FANCM"
"1034","39","FAAP24","0.0",,"false","FAAP24"
"1036","91","LSM4","0.0",,"false","LSM4"
"1037","91","LSM2","0.0",,"false","LSM2"
"1039","479","HHIP","0.0",,"false","HHIP"
"1040","479","DHH","0.0",,"false","DHH"
"1042","478","GABARAP","0.0",,"false","GABARAP"
"1044","117","PCNA","0.0",,"false","PCNA"
"1045","345","POLA1","0.0",,"false","POLA1"
"1048","28","GNG5","0.0",,"false","GNG5"
"1049","28","GNB2","0.0",,"false","GNB2"
"1051","54","SETD7","0.25",,"false","SETD7"
"1054","477","CAMKK2","0.0",,"false","CAMKK2"
"1055","477","CAMK4","0.0",,"false","CAMK4"
"1057","91","LSM6","0.0",,"false","LSM6"
"1059","196","CDK7","0.0",,"false","CDK7"
"1061","156","CCNC","0.0",,"false","CCNC"
"1062","156","MED10","0.0",,"false","MED10"
"1064","147","PML","0.3333333333333333","1","false","PML"
"1066","269","SMC3","0.0",,"false","SMC3"
"1068","43","POLR3A","0.0",,"false","POLR3A"
"1070","37","MMP9","0.4","1","false","MMP9"
"1071","37","PZP","0.4",,"false","PZP"
"1073","12","ERCC6","0.0",,"false","ERCC6"
"1075","294","PRPF8","0.5","1","false","PRPF8"
"1077","344","CASP8","0.0",,"false","CASP8"
"1080","104","CUL3","0.0",,"false","CUL3"
"1082","430","SMARCA2","0.5","1","false","SMARCA2"
"1084","34","SSRP1","0.0",,"false","SSRP1"
"1086","411","NCK1","0.0",,"false","NCK1"
"1088","15","NCL","0.0",,"false","NCL"
"1090","47","TCF3","0.0",,"false","TCF3"
"1092","21","CDH1","0.16666666666666666","1","false","CDH1"
"1094","476","WWP1","0.0",,"false","WWP1"
"1095","476","SMAD1","0.0",,"false","SMAD1"
"1098","110","BAG1","0.3333333333333333","1","false","BAG1"
"1100","36","OCRL","0.0",,"false","OCRL"
"1102","90","NCAPD2","0.0",,"false","NCAPD2"
"1104","46","RPA1","0.2",,"false","RPA1"
"1105","46","ATRIP","0.2",,"false","ATRIP"
"1107",,"ACTR2",,,"false","ACTR2"
"1109","44","TRIM32","0.0",,"false","TRIM32"
"1111","171","HLA-E","0.0",,"false","HLA-E"
"1112","171","CALR","0.0",,"false","CALR"
"1114","2","RPS20","0.0",,"false","RPS20"
"1116","195","ERBB3","1.0","1","false","ERBB3"
"1120","10","EIF3M","0.11111111111111112",,"false","EIF3M"
"1122","475","TNFRSF8","0.0",,"false","TNFRSF8"
"1123","475","TRAF5","0.0",,"false","TRAF5"
"1125","194","AP3S1","0.0",,"false","AP3S1"
"1127","75","UCHL5","0.0",,"false","UCHL5"
"1129","114","PALB2","0.3333333333333333","1","false","PALB2"
"1131","35","IARS","0.0",,"false","IARS"
"1133","26","THOC1","0.0",,"false","THOC1"
"1135","43","POLR3B","0.0",,"false","POLR3B"
"1137","463","EIF2B3","0.0",,"false","EIF2B3"
"1139","474","ACTC1","0.5",,"false","ACTC1"
"1140","474","GC","0.5","1","false","GC"
"1142","190","AXIN1","0.0",,"false","AXIN1"
"1144","473","MARCKS","0.0",,"false","MARCKS"
"1146","193","SEH1L","0.0",,"false","SEH1L"
"1148","472","MED26","0.0",,"false","MED26"
"1150","54","HIST3H3","0.25","1","false","HIST3H3"
"1152","471","ATG12","0.0",,"false","ATG12"
"1153","471","ATG16L1","0.0",,"false","ATG16L1"
"1155","5","RBL2","0.3","1","false","RBL2"
"1157","6","MED17","0.0",,"false","MED17"
"1159","19","SUDS3","0.2857142857142857",,"false","SUDS3"
"1161","98","ASB1","0.0",,"false","ASB1"
"1163","71","PTPRC","0.0",,"false","PTPRC"
"1165","90","NCAPG","0.0",,"false","NCAPG"
"1167","33","SART1","0.4",,"false","SART1"
"1168","33","SUMO1","0.4","1","false","SUMO1"
"1171","470","PSMD4","0.0",,"false","PSMD4"
"1173","4","PSMD14","0.0",,"false","PSMD14"
"1175","105","ASAP2","0.0",,"false","ASAP2"
"1177","469","CAPZA1","0.0",,"false","CAPZA1"
"1178","469","CAPZB","0.0",,"false","CAPZB"
"1181","2","RPS9","0.0",,"false","RPS9"
"1183","18","TRIM17","0.14285714285714285",,"false","TRIM17"
"1185","129","LCK","0.0",,"false","LCK"
"1187","67","NRIP1","0.75",,"false","NRIP1"
"1189","468","KCNJ4","0.0",,"false","KCNJ4"
"1190","468","CASK","0.0",,"false","CASK"
"1192","5","LIN54","0.3",,"false","LIN54"
"1194","23","SOX9","0.3333333333333333","1","false","SOX9"
"1196","467","POLH","0.0",,"false","POLH"
"1197","467","POLI","0.0",,"false","POLI"
"1199","65","RPL23A","0.25",,"false","RPL23A"
"1200","65","RPL19","0.25","1","false","RPL19"
"1202","97","PTGIR","0.0",,"false","PTGIR"
"1205","32","TNRC6A","0.0",,"false","TNRC6A"
"1206","32","AGO4","0.0",,"false","AGO4"
"1208","288","PARP1","0.0",,"false","PARP1"
"1212","3","TRPC4AP","0.0",,"false","TRPC4AP"
"1214","466","FASLG","0.0",,"false","FASLG"
"1215","466","PSTPIP1","0.0",,"false","PSTPIP1"
"1217","28","GNG10","0.0",,"false","GNG10"
"1219","47","TCF4","0.0",,"false","TCF4"
"1221",,"STAT1",,"1","false","STAT1"
"1222","115","MCM3","0.3333333333333333",,"false","MCM3"
"1225","465","SNRNP200","0.0",,"false","SNRNP200"
"1227","464","ROCK1","0.5",,"false","ROCK1"
"1228","464","LIMK1","0.5","1","false","LIMK1"
"1230","96","TAF13","0.0",,"false","TAF13"
"1231","96","TAF9","0.0",,"false","TAF9"
"1233","114","MORF4L1","0.3333333333333333",,"false","MORF4L1"
"1235","192","GOSR2","0.0",,"false","GOSR2"
"1236","192","STX5","0.0",,"false","STX5"
"1238","463","EIF2B2","0.0",,"false","EIF2B2"
"1240","95","APAF1","0.25",,"false","APAF1"
"1242","462","CKS1B","0.5",,"false","CKS1B"
"1243","462","CDKN1B","0.5","1","false","CDKN1B"
"1245","461","SPTAN1","0.0",,"false","SPTAN1"
"1246","461","PLEC","0.0",,"false","PLEC"
"1248","68","TAF6","0.0",,"false","TAF6"
"1250","95","PMAIP1","0.25",,"false","PMAIP1"
"1252","460","FER","0.5",,"false","FER"
"1255","459","INCENP","0.0",,"false","INCENP"
"1256","459","AURKA","0.0",,"false","AURKA"
"1258","29","TCP1","0.0",,"false","TCP1"
"1260","355","RNF4","0.0",,"false","RNF4"
"1262","37","CXCL8","0.4",,"false","CXCL8"
"1264","89","ITGB1BP2","0.25",,"false","ITGB1BP2"
"1265","89","ITGB1","0.25","1","false","ITGB1"
"1267","150","STXBP2","0.0",,"false","STXBP2"
"1268","150","STX2","0.0",,"false","STX2"
"1270","74","FOS","0.5",,"false","FOS"
"1272","7","FAF2","0.0",,"false","FAF2"
"1274","286","PER2","0.0",,"false","PER2"
"1276","72","MOB1B","0.0",,"false","MOB1B"
"1277","72","LATS1","0.0",,"false","LATS1"
"1279","58","IRS2","0.25",,"false","IRS2"
"1281","191","LBR","0.0",,"false","LBR"
"1283","458","PIGT","0.0",,"false","PIGT"
"1284","458","GPAA1","0.0",,"false","GPAA1"
"1286","457","SSTR2","0.5","1","false","SSTR2"
"1287","457","SHANK2","0.5",,"false","SHANK2"
"1289","456","EPHB2","0.0",,"false","EPHB2"
"1290","456","PICK1","0.0",,"false","PICK1"
"1292","455","PAAF1","0.0",,"false","PAAF1"
"1294","9","BCL6","0.11111111111111112",,"false","BCL6"
"1296","30","PSMB10","0.0",,"false","PSMB10"
"1298","8","FYN","0.11111111111111112","1","false","FYN"
"1299","8","MAPT","0.11111111111111112",,"false","MAPT"
"1301","179","BMI1","0.3333333333333333","1","false","BMI1"
"1303","88","TAF3","0.0",,"false","TAF3"
"1305","33","SATB1","0.4",,"false","SATB1"
"1308","391","XRCC5","0.5",,"false","XRCC5"
"1310","452","PROS1","0.5","1","false","PROS1"
"1312","48","CDC42BPA","0.0",,"false","CDC42BPA"
"1315","133","TEAD1","0.0",,"false","TEAD1"
"1316","133","MEF2A","0.0",,"false","MEF2A"
"1322","454","CRKL","0.5",,"false","CRKL"
"1323","454","TGFB1I1","0.5","1","false","TGFB1I1"
"1325","80","IKBKE","0.5",,"false","IKBKE"
"1326","80","IKBKB","0.5","1","false","IKBKB"
"1328","185","MYB","0.3333333333333333",,"false","MYB"
"1331","27","CXCL11","0.5",,"false","CXCL11"
"1333","453","MDH2","0.0",,"false","MDH2"
"1334","453","CS","0.0",,"false","CS"
"1336","452","F10","0.5",,"false","F10"
"1338","82","ALK","0.25",,"false","ALK"
"1340","451","RLN3","0.0",,"false","RLN3"
"1342","450","PFN1","0.0",,"false","PFN1"
"1343","450","WASL","0.0",,"false","WASL"
"1345","175","BMP4","0.3333333333333333","1","false","BMP4"
"1346","175","NOG","0.3333333333333333",,"false","NOG"
"1348","2","RPS5","0.0",,"false","RPS5"
"1351","449","SMC1A","0.0",,"false","SMC1A"
"1352","449","STAG1","0.0",,"false","STAG1"
"1354","28","GNG3","0.0",,"false","GNG3"
"1356","190","PRKCG","0.0",,"false","PRKCG"
"1358","448","NFKB1","0.5","1","false","NFKB1"
"1359","448","HMGA1","0.5",,"false","HMGA1"
"1361","447","PIAS4","0.5",,"false","PIAS4"
"1362","447","SMAD4","0.5","1","false","SMAD4"
"1365","189","MARK3","0.0",,"false","MARK3"
"1367","446","RPS25","0.0",,"false","RPS25"
"1368","446","RPS17","0.0",,"false","RPS17"
"1373","188","VAMP3","0.0",,"false","VAMP3"
"1374","188","STX3","0.0",,"false","STX3"
"1377","26","ALYREF","0.0",,"false","ALYREF"
"1380","187","ING3","0.0",,"false","ING3"
"1382","4","PSMC2","0.0",,"false","PSMC2"
"1384","445","USP22","0.0",,"false","USP22"
"1386","139","CHAF1A","0.3333333333333333","1","false","CHAF1A"
"1389","444","ZKSCAN7","0.0",,"false","ZKSCAN7"
"1390","444","TCEANC","0.0",,"false","TCEANC"
"1392","443","SNX9","0.0",,"false","SNX9"
"1393","443","SNX33","0.0",,"false","SNX33"
"1396","442","MED18","0.0",,"false","MED18"
"1397","442","MED31","0.0",,"false","MED31"
"1399","214","HSPA8","0.5",,"false","HSPA8"
"1400","208","HNRNPD","0.0",,"false","HNRNPD"
"1402","181","GOSR1","0.0",,"false","GOSR1"
"1404","441","AIMP2","0.0",,"false","AIMP2"
"1406","440","SRSF2","0.0",,"false","SRSF2"
"1407","440","SREK1","0.0",,"false","SREK1"
"1411","186","AXIN2","0.3333333333333333",,"false","AXIN2"
"1413","60","SNRPD2","0.0",,"false","SNRPD2"
"1416","439","SIRT1","0.5","1","false","SIRT1"
"1417","439","BRINP1","0.5",,"false","BRINP1"
"1419",,"BTK",,,"false","BTK"
"1421","438","TRIM6","0.0",,"false","TRIM6"
"1424","75","INO80E","0.0",,"false","INO80E"
"1426","160","KPNA2","0.0",,"false","KPNA2"
"1427","160","RAG1","0.0",,"false","RAG1"
"1431","437","SLC3A2","0.0",,"false","SLC3A2"
"1432","437","SLC7A11","0.0",,"false","SLC7A11"
"1434","72","HTRA2","0.0",,"false","HTRA2"
"1436","436","PRKDC","0.0",,"false","PRKDC"
"1437","436","ILF3","0.0",,"false","ILF3"
"1439","94","SNCA","0.5",,"false","SNCA"
"1442","93","KLC1","0.25",,"false","KLC1"
"1443","93","KIF5A","0.25",,"false","KIF5A"
"1445","435","ARPC3","0.0",,"false","ARPC3"
"1447","276","PFDN5","0.0",,"false","PFDN5"
"1450","180","PPP4R3A","0.0",,"false","PPP4R3A"
"1451","180","PPP4C","0.0",,"false","PPP4C"
"1454","434","TOMM20","0.0",,"false","TOMM20"
"1455","434","PINK1","0.0",,"false","PINK1"
"1457","9","PGR","0.11111111111111112",,"false","PGR"
"1459","433","BMPR1B","1.0","1","false","BMPR1B"
"1460","433","BMP6","1.0","1","false","BMP6"
"1464","25","RASSF5","0.0",,"false","RASSF5"
"1467","14","ITSN1","0.14285714285714285",,"false","ITSN1"
"1471","13","SPSB2","0.0",,"false","SPSB2"
"1473","432","SUZ12","0.0",,"false","SUZ12"
"1474","432","EZH1","0.0",,"false","EZH1"
"1476","23","MEF2D","0.3333333333333333",,"false","MEF2D"
"1478","431","FBXW5","0.0",,"false","FBXW5"
"1479","431","CUL4A","0.0",,"false","CUL4A"
"1481","144","KDR","0.3333333333333333",,"false","KDR"
"1483","430","ARID1A","0.5",,"false","ARID1A"
"1486","429","KCNJ8","0.0",,"false","KCNJ8"
"1487","429","ABCC9","0.0",,"false","ABCC9"
"1489","293","VPS35","0.0",,"false","VPS35"
"1490","271","VPS26A","0.0",,"false","VPS26A"
"1494","428","PARK2","0.0",,"false","PARK2"
"1495","428","DNAJA1","0.0",,"false","DNAJA1"
"1497","417","KAT2B","0.5",,"false","KAT2B"
"1499","427","RALA","0.0",,"false","RALA"
"1500","427","PLD1","0.0",,"false","PLD1"
"1502","185","AR","0.3333333333333333","1","false","AR"
"1503","185","MYBBP1A","0.3333333333333333",,"false","MYBBP1A"
"1505","426","OS9","0.0",,"false","OS9"
"1506","426","SEL1L","0.0",,"false","SEL1L"
"1509","184","SFPQ","0.0",,"false","SFPQ"
"1512","183","SFN","0.6666666666666666","1","false","SFN"
"1514","79","TOPBP1","0.25",,"false","TOPBP1"
"1516","178","PRKCZ","0.3333333333333333","1","false","PRKCZ"
"1519","425","PKN2","0.0",,"false","PKN2"
"1520","425","MAP3K2","0.0",,"false","MAP3K2"
"1522","94","USP9X","0.5",,"false","USP9X"
"1524","8","SKAP2","0.11111111111111112",,"false","SKAP2"
"1526","5","CCNK","0.3",,"false","CCNK"
"1528","4","PSMD10","0.0",,"false","PSMD10"
"1530","182","UIMC1","0.0",,"false","UIMC1"
"1533","424","PIK3R2","0.0",,"false","PIK3R2"
"1536","423","FADD","0.0",,"false","FADD"
"1537","423","RIPK3","0.0",,"false","RIPK3"
"1539","29","CCT7","0.0",,"false","CCT7"
"1541","422","BYSL","0.0",,"false","BYSL"
"1542","422","PNO1","0.0",,"false","PNO1"
"1544","421","ACTN2","0.5",,"false","ACTN2"
"1545","421","ACTN4","0.5","1","false","ACTN4"
"1550","46","TP53BP1","0.2","1","false","TP53BP1"
"1553","338","TJP1","0.0",,"false","TJP1"
"1554",,"CTTN",,,"false","CTTN"
"1556",,"PCGF2",,,"false","PCGF2"
"1558","420","MLLT3","0.0",,"false","MLLT3"
"1560","181","NAPA","0.0",,"false","NAPA"
"1561","181","VAMP2","0.0",,"false","VAMP2"
"1563","65","RPL35","0.25",,"false","RPL35"
"1566","419","COL2A1","0.0",,"false","COL2A1"
"1567","419","FN1","0.0",,"false","FN1"
"1569","38","SF3B1","0.0",,"false","SF3B1"
"1571","84","STAT5B","0.25","1","false","STAT5B"
"1573","93","MAP3K11","0.25",,"false","MAP3K11"
"1575","418","ARAF","0.0",,"false","ARAF"
"1579","10","EIF3K","0.11111111111111112",,"false","EIF3K"
"1581","417","BRCA2","0.5","1","false","BRCA2"
"1583","2","RPS11","0.0",,"false","RPS11"
"1585","416","TNF","0.5","1","false","TNF"
"1586","416","TRAF2","0.5",,"false","TRAF2"
"1588","48","ARHGAP32","0.0",,"false","ARHGAP32"
"1590","154","POLR3C","0.0",,"false","POLR3C"
"1591","154","POLR3F","0.0",,"false","POLR3F"
"1593","415","NPR3","0.0",,"false","NPR3"
"1594","415","NPPB","0.0",,"false","NPPB"
"1596","28","GNG12","0.0",,"false","GNG12"
"1598","414","SART3","0.0",,"false","SART3"
"1599","414","PRPF3","0.0",,"false","PRPF3"
"1602","413","HDAC7","0.0",,"false","HDAC7"
"1603","413","MEF2C","0.0",,"false","MEF2C"
"1605","412","CKMT1A","0.0",,"false","CKMT1A"
"1606","412","VDAC1","0.0",,"false","VDAC1"
"1608","45","SERPINB13","0.2",,"false","SERPINB13"
"1609","45","CTSL","0.2",,"false","CTSL"
"1611","360","CAMK2G","0.0",,"false","CAMK2G"
"1614","74","NTRK3","0.5",,"false","NTRK3"
"1616","180","TIPRL","0.0",,"false","TIPRL"
"1620","2","RPS15","0.0",,"false","RPS15"
"1622","117","KIAA0101","0.0",,"false","KIAA0101"
"1624","42","PLAT","0.0",,"false","PLAT"
"1625","42","FGA","0.0",,"false","FGA"
"1629","179","CBX2","0.3333333333333333",,"false","CBX2"
"1631","93","MAPK8IP1","0.25","1","false","MAPK8IP1"
"1633","411","NCKAP1","0.0",,"false","NCKAP1"
"1635","410","RND3","0.5","1","false","RND3"
"1636","410","PLXNB1","0.5",,"false","PLXNB1"
"1638","409","BORA","0.5",,"false","BORA"
"1639","409","PLK1","0.5","1","false","PLK1"
"1641","408","CDC73","0.0",,"false","CDC73"
"1643","407","BECN1","0.0",,"false","BECN1"
"1644","407","ZWINT","0.0",,"false","ZWINT"
"1646","406","TLN1","0.0",,"false","TLN1"
"1647","406","ITGB2","0.0",,"false","ITGB2"
"1650","8","DLG4","0.11111111111111112",,"false","DLG4"
"1652","92","CDCA8","0.25",,"false","CDCA8"
"1654","143","CREBBP","0.3333333333333333","1","false","CREBBP"
"1657","5","CDT1","0.3",,"false","CDT1"
"1659","405","TMED10","0.0",,"false","TMED10"
"1660","405","TMED9","0.0",,"false","TMED9"
"1662","92","NPM1","0.25","1","false","NPM1"
"1664","178","HNRNPA2B1","0.3333333333333333",,"false","HNRNPA2B1"
"1666","404","PAFAH1B1","0.0",,"false","PAFAH1B1"
"1667","404","NUDC","0.0",,"false","NUDC"
"1669","144","NRP1","0.3333333333333333",,"false","NRP1"
"1672","403","TRAF1","0.0",,"false","TRAF1"
"1673","403","TICAM1","0.0",,"false","TICAM1"
"1675","63","PRDX1","0.5",,"false","PRDX1"
"1678","91","LSM3","0.0",,"false","LSM3"
"1680","48","CDC42EP5","0.0",,"false","CDC42EP5"
"1682","22","PTHLH","0.16666666666666666","1","false","PTHLH"
"1687","402","ATF1","0.5",,"false","ATF1"
"1688","402","CREB1","0.5","1","false","CREB1"
"1690","70","PSMD1","0.0",,"false","PSMD1"
"1694","401","GNAI1","0.0",,"false","GNAI1"
"1695","401","RGS19","0.0",,"false","RGS19"
"1697","400","CHRNB4","0.0",,"false","CHRNB4"
"1698","400","CHRNA3","0.0",,"false","CHRNA3"
"1700","385","AP1M1","0.0",,"false","AP1M1"
"1703","87","CYTH1","0.0",,"false","CYTH1"
"1705","56","TRIM24","0.25",,"false","TRIM24"
"1707","89","CD81","0.25",,"false","CD81"
"1709","399","IL2RG","0.0",,"false","IL2RG"
"1710","399","IL15RA","0.0",,"false","IL15RA"
"1713","22","RANBP2","0.16666666666666666",,"false","RANBP2"
"1715","29","CCT2","0.0",,"false","CCT2"
"1717","321","HSP90AB1","0.5",,"false","HSP90AB1"
"1719","90","SMC2","0.0",,"false","SMC2"
"1723","45","CTSB","0.2","1","false","CTSB"
"1724","45","CST7","0.2",,"false","CST7"
"1727","89","CD19","0.25",,"false","CD19"
"1729","8","GRIN2A","0.11111111111111112",,"false","GRIN2A"
"1731","398","CTSS","0.5",,"false","CTSS"
"1732","398","CST3","0.5","1","false","CST3"
"1737","82","JAK3","0.25",,"false","JAK3"
"1738","82","CD40","0.25","1","false","CD40"
"1740","397","NUMB","0.0",,"false","NUMB"
"1741","397","LNX2","0.0",,"false","LNX2"
"1743","396","DRD1","0.0",,"false","DRD1"
"1744","396","FLNA","0.0",,"false","FLNA"
"1747","395","ABCA1","0.0",,"false","ABCA1"
"1748","395","SNTA1","0.0",,"false","SNTA1"
"1750","153","RASA1","0.0",,"false","RASA1"
"1752","394","RAD18","0.0",,"false","RAD18"
"1753","394","HLTF","0.0",,"false","HLTF"
"1755","393","USP7","0.0",,"false","USP7"
"1757","392","TAF11","0.0",,"false","TAF11"
"1758","392","TAF12","0.0",,"false","TAF12"
"1762","85","PRMT5","0.0",,"false","PRMT5"
"1764","66","PPP6R1","0.0",,"false","PPP6R1"
"1766","247","SUMO2","0.0",,"false","SUMO2"
"1768","267","ITGA4","0.0",,"false","ITGA4"
"1770","20","MAP3K3","0.0",,"false","MAP3K3"
"1774","145","VAV1","0.0",,"false","VAV1"
"1775","145","CBLB","0.0",,"false","CBLB"
"1777","9","KLF11","0.11111111111111112",,"false","KLF11"
"1779",,"NEDD4",,,"false","NEDD4"
"1782","26","THOC5","0.0",,"false","THOC5"
"1784","391","TERT","0.5","1","false","TERT"
"1786","41","CCND2","0.6",,"false","CCND2"
"1791","177","CDH3","0.3333333333333333",,"false","CDH3"
"1794","40","JUN","0.4","1","false","JUN"
"1796","390","RHOT1","0.0",,"false","RHOT1"
"1797","390","TRAK1","0.0",,"false","TRAK1"
"1799","126","SLX4","0.3333333333333333",,"false","SLX4"
"1800","126","ERCC1","0.3333333333333333","1","false","ERCC1"
"1803","9","KLF16","0.11111111111111112",,"false","KLF16"
"1805","389","PRLHR","0.0",,"false","PRLHR"
"1806","389","PRLH","0.0",,"false","PRLH"
"1808","388","NPPC","0.0",,"false","NPPC"
"1809","388","NPR2","0.0",,"false","NPR2"
"1814","78","COPA","0.0",,"false","COPA"
"1816","35","AIMP1","0.0",,"false","AIMP1"
"1818","55","DDX58","0.0",,"false","DDX58"
"1821","387","KLK3","1.0","1","false","KLK3"
"1822","387","IGFBP3","1.0","1","false","IGFBP3"
"1824","386","ROM1","0.0",,"false","ROM1"
"1825","386","PRPH2","0.0",,"false","PRPH2"
"1828","77","A2M","0.25","1","false","A2M"
"1829","77","IL1B","0.25",,"false","IL1B"
"1831","69","MSH6","0.25",,"false","MSH6"
"1832","69","MLH1","0.25",,"false","MLH1"
"1834","385","AP1G1","0.0",,"false","AP1G1"
"1836","384","MAP1LC3A","0.0",,"false","MAP1LC3A"
"1837","384","ATG3","0.0",,"false","ATG3"
"1839","176","ARPC5","0.0",,"false","ARPC5"
"1841","88","TAF4","0.0",,"false","TAF4"
"1843","166","KRT18","0.0",,"false","KRT18"
"1845","142","DNMT3A","0.6666666666666666","1","false","DNMT3A"
"1846","54","CBX5","0.25",,"false","CBX5"
"1848","128","RAB7A","0.0",,"false","RAB7A"
"1849","128","RAB5A","0.0",,"false","RAB5A"
"1851","383","PRKD1","0.5","1","false","PRKD1"
"1854","3","DCAF1","0.0",,"false","DCAF1"
"1856","76","PNN","0.0",,"false","PNN"
"1858","175","BMP8B","0.3333333333333333",,"false","BMP8B"
"1861","7","UBXN4","0.0",,"false","UBXN4"
"1865","174","FBXW7","0.0",,"false","FBXW7"
"1870","55","IRF3","0.0",,"false","IRF3"
"1873","382","KEL","0.0",,"false","KEL"
"1874","382","XK","0.0",,"false","XK"
"1876","381","CASQ2","0.0",,"false","CASQ2"
"1877","381","TRDN","0.0",,"false","TRDN"
"1883","380","RNF40","0.0",,"false","RNF40"
"1884","380","RNF20","0.0",,"false","RNF20"
"1886","70","PSMD3","0.0",,"false","PSMD3"
"1889","15","GNL3","0.0",,"false","GNL3"
"1892","379","NFKB2","0.0",,"false","NFKB2"
"1894","5","MYBL2","0.3",,"false","MYBL2"
"1899","141","IGBP1","0.0",,"false","IGBP1"
"1900","141","MID2","0.0",,"false","MID2"
"1902","28","GNG7","0.0",,"false","GNG7"
"1904","378","CBLC","0.5",,"false","CBLC"
"1906","7","NPLOC4","0.0",,"false","NPLOC4"
"1908","377","CDK5RAP3","0.5",,"false","CDK5RAP3"
"1909","377","CDK5R1","0.5","1","false","CDK5R1"
"1913","107","NHP2","0.0",,"false","NHP2"
"1914","107","DKC1","0.0",,"false","DKC1"
"1917","143","CDX2","0.3333333333333333",,"false","CDX2"
"1922","142","UHRF1","0.6666666666666666",,"false","UHRF1"
"1925","69","MSH2","0.25","1","false","MSH2"
"1927","163","POLR2E","0.0",,"false","POLR2E"
"1928","163","POLR1A","0.0",,"false","POLR1A"
"1931","129","FCGR3A","0.0",,"false","FCGR3A"
"1933","173","TGFBRAP1","0.0",,"false","TGFBRAP1"
"1935","376","CD48","0.0",,"false","CD48"
"1936","376","CD244","0.0",,"false","CD244"
"1943","375","ICAM3","0.0",,"false","ICAM3"
"1944","375","CD209","0.0",,"false","CD209"
"1947","374","DIABLO","0.0",,"false","DIABLO"
"1948","374","BIRC7","0.0",,"false","BIRC7"
"1950","373","SNRPE","0.0",,"false","SNRPE"
"1951","373","SNRPB","0.0",,"false","SNRPB"
"1953","138","NCOA6","0.0",,"false","NCOA6"
"1954","138","RBBP5","0.0",,"false","RBBP5"
"1958","172","CTSD","0.0",,"false","CTSD"
"1962","372","POLR1E","0.0",,"false","POLR1E"
"1963","372","POLR1B","0.0",,"false","POLR1B"
"1966","167","TNFRSF4","0.0",,"false","TNFRSF4"
"1967","167","TNFSF4","0.0",,"false","TNFSF4"
"1969","371","TERF2IP","0.0",,"false","TERF2IP"
"1971","365","F8","0.0",,"false","F8"
"1973","171","KLRC2","0.0",,"false","KLRC2"
"1975","170","RPLP2","0.0",,"false","RPLP2"
"1977","370","CCNE1","0.5",,"false","CCNE1"
"1979","87","ARHGAP21","0.0",,"false","ARHGAP21"
"1981","21","CDC26","0.16666666666666666",,"false","CDC26"
"1986","369","CRHR2","0.0",,"false","CRHR2"
"1987","369","UCN","0.0",,"false","UCN"
"1990","351","VIM","0.5","1","false","VIM"
"1994","86","COPS4","0.0",,"false","COPS4"
"1996","368","C5","0.0",,"false","C5"
"1997","368","C2","0.0",,"false","C2"
"2000","151","CD8B","0.0",,"false","CD8B"
"2001","151","CD8A","0.0",,"false","CD8A"
"2006","8","NPHS1","0.11111111111111112",,"false","NPHS1"
"2008","367","LPL","0.0",,"false","LPL"
"2009","367","APOC2","0.0",,"false","APOC2"
"2011","47","TAL1","0.0",,"false","TAL1"
"2013","169","PLRG1","0.0",,"false","PLRG1"
"2015","366","BMPR1A","0.0",,"false","BMPR1A"
"2016","366","GDF9","0.0",,"false","GDF9"
"2018","365","F9","0.0",,"false","F9"
"2021","112","ADRB2","0.0",,"false","ADRB2"
"2022","112","AKAP12","0.0",,"false","AKAP12"
"2026","364","GLP1R","0.0",,"false","GLP1R"
"2027","364","GCG","0.0",,"false","GCG"
"2031","363","PSEN2","0.0",,"false","PSEN2"
"2034","362","EXOC3","0.0",,"false","EXOC3"
"2035","362","EXOC4","0.0",,"false","EXOC4"
"2037","361","RHO","0.0",,"false","RHO"
"2038","361","GRK1","0.0",,"false","GRK1"
"2042","146","CRAT","0.0",,"false","CRAT"
"2043","146","PEX5","0.0",,"false","PEX5"
"2046","85","KDM4A","0.0",,"false","KDM4A"
"2048","3","DCAF11","0.0",,"false","DCAF11"
"2050","19","HMG20B","0.2857142857142857",,"false","HMG20B"
"2053","35","DARS","0.0",,"false","DARS"
"2055","130","AP1B1","0.0",,"false","AP1B1"
"2057","84","IFNGR1","0.25",,"false","IFNGR1"
"2059","307","GEMIN6","0.0",,"false","GEMIN6"
"2061","83","EIF2B1","0.0",,"false","EIF2B1"
"2068","360","CABP2","0.0",,"false","CABP2"
"2070","359","ARRB1","0.0",,"false","ARRB1"
"2071","359","MAPK10","0.0",,"false","MAPK10"
"2073","358","ITGB3","1.0","1","false","ITGB3"
"2074","358","ITGA5","1.0","1","false","ITGA5"
"2077","357","UNC13B","0.0",,"false","UNC13B"
"2078","357","DOC2B","0.0",,"false","DOC2B"
"2080","168","LAS1L","0.3333333333333333",,"false","LAS1L"
"2082","167","TRAF3","0.0",,"false","TRAF3"
"2084","130","AP2M1","0.0",,"false","AP2M1"
"2086","356","LMNB1","0.0",,"false","LMNB1"
"2087","356","CASP6","0.0",,"false","CASP6"
"2089","19","PEX14","0.2857142857142857",,"false","PEX14"
"2091","355","UBE2W","0.0",,"false","UBE2W"
"2093","105","ARF6","0.0",,"false","ARF6"
"2097","354","TNFRSF1B","0.0",,"false","TNFRSF1B"
"2099","58","VIL1","0.25",,"false","VIL1"
"2101","166","MPRIP","0.0",,"false","MPRIP"
"2103","353","SLC9A3R2","0.0",,"false","SLC9A3R2"
"2104","353","SGK1","0.0",,"false","SGK1"
"2106","40","THRA","0.4",,"false","THRA"
"2108","352","MSN","0.5",,"false","MSN"
"2111","165","GABARAPL2","0.0",,"false","GABARAPL2"
"2113","164","RPA2","0.0",,"false","RPA2"
"2115","8","GRIN2B","0.11111111111111112",,"false","GRIN2B"
"2117","18","CHFR","0.14285714285714285",,"false","CHFR"
"2120","82","IL7R","0.25",,"false","IL7R"
"2122","163","POLR2B","0.0",,"false","POLR2B"
"2126","351","CASP9","0.5",,"false","CASP9"
"2129","162","ERBIN","0.3333333333333333",,"false","ERBIN"
"2135","27","CCL11","0.5",,"false","CCL11"
"2137","161","XRCC6","0.3333333333333333",,"false","XRCC6"
"2139","13","SOCS2","0.0",,"false","SOCS2"
"2141","33","TOPORS","0.4","1","false","TOPORS"
"2145","160","CSE1L","0.0",,"false","CSE1L"
"2147","350","FNBP1","0.0",,"false","FNBP1"
"2148","350","WAS","0.0",,"false","WAS"
"2153","349","PIH1D1","0.0",,"false","PIH1D1"
"2154","349","RPAP3","0.0",,"false","RPAP3"
"2157","348","VAMP7","0.0",,"false","VAMP7"
"2158","348","STX7","0.0",,"false","STX7"
"2160","347","BAP1","0.0",,"false","BAP1"
"2161","347","FOXK1","0.0",,"false","FOXK1"
"2165","46","RNF168","0.2",,"false","RNF168"
"2167","81","DCN","0.25",,"false","DCN"
"2168","81","THBS1","0.25",,"false","THBS1"
"2171","346","EDA2R","0.0",,"false","EDA2R"
"2172","346","EDA","0.0",,"false","EDA"
"2174","345","PRIM1","0.0",,"false","PRIM1"
"2176","46","ATR","0.2",,"false","ATR"
"2178","16","IKZF1","0.14285714285714285",,"false","IKZF1"
"2181","116","COL8A1","0.3333333333333333",,"false","COL8A1"
"2182","116","ITGA1","0.3333333333333333",,"false","ITGA1"
"2184","159","UBA3","0.0",,"false","UBA3"
"2186","106","IKBKG","0.0",,"false","IKBKG"
"2187","106","MALT1","0.0",,"false","MALT1"
"2189","127","GTF2A1L","0.0",,"false","GTF2A1L"
"2190","127","GTF2A2","0.0",,"false","GTF2A2"
"2192","80","MYL12A","0.5",,"false","MYL12A"
"2194","79","MRE11A","0.25",,"false","MRE11A"
"2200","344","TRADD","0.0",,"false","TRADD"
"2202","158","WDR5","0.0",,"false","WDR5"
"2205","157","NCF2","0.0",,"false","NCF2"
"2208","343","ERBB2","1.0","1","false","ERBB2"
"2209","343","ACPP","1.0","1","false","ACPP"
"2212","236","MED15","0.5",,"false","MED15"
"2214","342","CCL2","0.5","1","false","CCL2"
"2215","342","ACKR2","0.5",,"false","ACKR2"
"2217","17","CDC25A","0.14285714285714285","1","false","CDC25A"
"2220","263","SPOP","0.0",,"false","SPOP"
"2222","341","ETV1","0.5","1","false","ETV1"
"2226","9","ING2","0.11111111111111112",,"false","ING2"
"2229","18","RNF111","0.14285714285714285",,"false","RNF111"
"2231","156","MED29","0.0",,"false","MED29"
"2233","340","PLAU","1.0","1","false","PLAU"
"2234","340","PLG","1.0","1","false","PLG"
"2236","78","COPZ1","0.0",,"false","COPZ1"
"2239","339","PSMB9","0.0",,"false","PSMB9"
"2240","339","POMP","0.0",,"false","POMP"
"2245","155","MET","0.6666666666666666","1","false","MET"
"2248","338","GJC1","0.0",,"false","GJC1"
"2250","140","POLE2","0.0",,"false","POLE2"
"2251","140","POLE","0.0",,"false","POLE"
"2253","337","TUBA3C","0.0",,"false","TUBA3C"
"2255","154","POLR3G","0.0",,"false","POLR3G"
"2257","20","RCN2","0.0",,"false","RCN2"
"2259","45","CSTB","0.2",,"false","CSTB"
"2261","3","DCAF5","0.0",,"false","DCAF5"
"2264","336","WDR48","0.0",,"false","WDR48"
"2265","336","USP1","0.0",,"false","USP1"
"2267","12","CTCF","0.0",,"false","CTCF"
"2269","335","ZBTB32","0.0",,"false","ZBTB32"
"2270","335","FANCC","0.0",,"false","FANCC"
"2273","334","MED28","0.0",,"false","MED28"
"2274","334","MED9","0.0",,"false","MED9"
"2278","333","TRIM28","0.0",,"false","TRIM28"
"2279","333","ZNF350","0.0",,"false","ZNF350"
"2282","332","UBA2","0.0",,"false","UBA2"
"2283","332","SUMO3","0.0",,"false","SUMO3"
"2285","331","GRIK2","0.0",,"false","GRIK2"
"2286","331","GRIK4","0.0",,"false","GRIK4"
"2288","2","RPS23","0.0",,"false","RPS23"
"2291","330","PLA2G10","0.0",,"false","PLA2G10"
"2292","330","PLA2R1","0.0",,"false","PLA2R1"
"2296","134","GATAD2A","0.0",,"false","GATAD2A"
"2300","329","TBL1XR1","0.0",,"false","TBL1XR1"
"2302","17","GPS1","0.14285714285714285",,"false","GPS1"
"2305","328","S100A4","0.0",,"false","S100A4"
"2306","328","MYH9","0.0",,"false","MYH9"
"2308","327","IPO4","0.0",,"false","IPO4"
"2309","327","ASF1B","0.0",,"false","ASF1B"
"2311","153","MS4A2","0.0",,"false","MS4A2"
"2313","75","TFPT","0.0",,"false","TFPT"
"2316","326","ATP6V0A1","0.0",,"false","ATP6V0A1"
"2317","326","ATP6V1B1","0.0",,"false","ATP6V1B1"
"2319","6","MED24","0.0",,"false","MED24"
"2321","44","ZNRF1","0.0",,"false","ZNRF1"
"2323","325","C3","0.0",,"false","C3"
"2325","3","DCAF6","0.0",,"false","DCAF6"
"2328","64","GNG11","0.0",,"false","GNG11"
"2332","324","NME2","0.0",,"false","NME2"
"2333","324","NME1","0.0",,"false","NME1"
"2335","5","NPAT","0.3",,"false","NPAT"
"2340","15","CSNK1D","0.0",,"false","CSNK1D"
"2342","152","RHAG","0.0",,"false","RHAG"
"2344","151","HLA-G","0.0",,"false","HLA-G"
"2347","59","PAN2","0.0",,"false","PAN2"
"2348","59","PABPC1","0.0",,"false","PABPC1"
"2351","150","STX1A","0.0",,"false","STX1A"
"2353","137","RFC3","0.0",,"false","RFC3"
"2354","137","CHTF18","0.0",,"false","CHTF18"
"2356","323","EPB42","0.0",,"false","EPB42"
"2357","323","STX12","0.0",,"false","STX12"
"2362","149","SMURF2","0.0",,"false","SMURF2"
"2364","322","MBD2","0.0",,"false","MBD2"
"2365","322","MTA2","0.0",,"false","MTA2"
"2370","321","AKT2","0.5","1","false","AKT2"
"2373","148","F5","0.0",,"false","F5"
"2375","320","CACNA1S","0.0",,"false","CACNA1S"
"2376","320","RYR1","0.0",,"false","RYR1"
"2379","147","SLC2A1","0.3333333333333333",,"false","SLC2A1"
"2381","319","ELP2","0.0",,"false","ELP2"
"2382","319","ELP3","0.0",,"false","ELP3"
"2387","146","ECI2","0.0",,"false","ECI2"
"2390","318","NAA15","0.0",,"false","NAA15"
"2391","318","HYPK","0.0",,"false","HYPK"
"2393","317","TNR","0.0",,"false","TNR"
"2394","317","CNTN1","0.0",,"false","CNTN1"
"2396","36","CLTA","0.0",,"false","CLTA"
"2398","235","KAT2A","0.0",,"false","KAT2A"
"2401","316","CCNB1","0.5","1","false","CCNB1"
"2402","316","CKS2","0.5",,"false","CKS2"
"2404","315","MUSK","0.0",,"false","MUSK"
"2405","315","RAPSN","0.0",,"false","RAPSN"
"2408","7","UBXN1","0.0",,"false","UBXN1"
"2410","77","CELA1","0.25",,"false","CELA1"
"2411","77","SERPINA3","0.25",,"false","SERPINA3"
"2413","145","ZAP70","0.0",,"false","ZAP70"
"2415","144","FLT4","0.3333333333333333","1","false","FLT4"
"2421","143","KMT2A","0.3333333333333333",,"false","KMT2A"
"2424","12","POLR2I","0.0",,"false","POLR2I"
"2428","314","HERPUD1","0.0",,"false","HERPUD1"
"2431","313","DTNA","0.0",,"false","DTNA"
"2432","313","SNTB1","0.0",,"false","SNTB1"
"2435","312","HSPA5","0.5","1","false","HSPA5"
"2436","312","PPIB","0.5",,"false","PPIB"
"2439","311","GHRL","0.5","1","false","GHRL"
"2440","311","GHSR","0.5",,"false","GHSR"
"2446","310","FKBP4","0.0",,"false","FKBP4"
"2447","310","GLMN","0.0",,"false","GLMN"
"2452","309","NOP58","0.0",,"false","NOP58"
"2453","309","NOP56","0.0",,"false","NOP56"
"2456","43","POLR1D","0.0",,"false","POLR1D"
"2458","308","GCLC","0.0",,"false","GCLC"
"2459","308","GCLM","0.0",,"false","GCLM"
"2463","67","PPARG","0.75","1","false","PPARG"
"2468","38","SNRPA1","0.0",,"false","SNRPA1"
"2470","307","GEMIN2","0.0",,"false","GEMIN2"
"2474","64","GNGT2","0.0",,"false","GNGT2"
"2476","142","PIAS1","0.6666666666666666","1","false","PIAS1"
"2478","141","UBE2D4","0.0",,"false","UBE2D4"
"2480","59","HNRNPK","0.0",,"false","HNRNPK"
"2486","140","POLE3","0.0",,"false","POLE3"
"2488","306","FLT3LG","0.0",,"false","FLT3LG"
"2489","306","FLT3","0.0",,"false","FLT3"
"2492","2","RPL12","0.0",,"false","RPL12"
"2494","12","GTF2B","0.0",,"false","GTF2B"
"2497","14","SPRY1","0.14285714285714285",,"false","SPRY1"
"2500","305","CD79A","0.0",,"false","CD79A"
"2501","305","PIGR","0.0",,"false","PIGR"
"2503","304","DOK3","0.0",,"false","DOK3"
"2504","304","INPP5D","0.0",,"false","INPP5D"
"2506","139","EED","0.3333333333333333",,"false","EED"
"2508","104","KLHL12","0.0",,"false","KLHL12"
"2510","303","BCL3","0.0",,"false","BCL3"
"2511","303","RAB9A","0.0",,"false","RAB9A"
"2513","131","LRP2","0.0",,"false","LRP2"
"2514","131","ALB","0.0",,"false","ALB"
"2517","15","RPL23","0.0",,"false","RPL23"
"2520","302","CD93","0.0",,"false","CD93"
"2521","302","F12","0.0",,"false","F12"
"2524","76","MDM4","0.0",,"false","MDM4"
"2526","301","HNF1A","0.5",,"false","HNF1A"
"2529","5","CDC6","0.3","1","false","CDC6"
"2531","15","RPS7","0.0",,"false","RPS7"
"2533","42","FGB","0.0",,"false","FGB"
"2537","14","UBASH3B","0.14285714285714285",,"false","UBASH3B"
"2539","75","NFRKB","0.0",,"false","NFRKB"
"2541","300","MAP2K4","0.0",,"false","MAP2K4"
"2542","300","MAP3K5","0.0",,"false","MAP3K5"
"2544","74","SREBF2","0.5","1","false","SREBF2"
"2546","18","RCHY1","0.14285714285714285","1","false","RCHY1"
"2550","73","MAPK8","0.25","1","false","MAPK8"
"2552","299","CYB5R3","0.0",,"false","CYB5R3"
"2553","299","CYB5A","0.0",,"false","CYB5A"
"2556","298","UBE2G2","0.0",,"false","UBE2G2"
"2557","298","AUP1","0.0",,"false","AUP1"
"2559","297","MGRN1","0.0",,"false","MGRN1"
"2560","297","TSG101","0.0",,"false","TSG101"
"2562","138","PAXIP1","0.0",,"false","PAXIP1"
"2564","34","UBB","0.0",,"false","UBB"
"2566","137","RFC2","0.0",,"false","RFC2"
"2568","296","MFAP2","0.0",,"false","MFAP2"
"2569","296","ELN","0.0",,"false","ELN"
"2571","295","PLA2G2A","0.5",,"false","PLA2G2A"
"2572","295","VCAN","0.5","1","false","VCAN"
"2575","72","MOB1A","0.0",,"false","MOB1A"
"2577","24","MOB4","0.0",,"false","MOB4"
"2579","132","NCAM1","0.0",,"false","NCAM1"
"2580","132","L1CAM","0.0",,"false","L1CAM"
"2583","294","EFTUD2","0.5",,"false","EFTUD2"
"2585","31","TRIP6","0.0",,"false","TRIP6"
"2586","31","PTPN13","0.0",,"false","PTPN13"
"2588","293","SNX2","0.0",,"false","SNX2"
"2591","136","BAG3","0.0",,"false","BAG3"
"2593","135","PFDN6","0.0",,"false","PFDN6"
"2595","292","CIAO1","0.0",,"false","CIAO1"
"2596","292","MMS19","0.0",,"false","MMS19"
"2598","255","CBX8","0.0",,"false","CBX8"
"2602","291","CRIPT","0.0",,"false","CRIPT"
"2603","291","DLG2","0.0",,"false","DLG2"
"2605","290","KCNJ12","0.0",,"false","KCNJ12"
"2609","289","HTT","0.0",,"false","HTT"
"2610","289","CBS","0.0",,"false","CBS"
"2614","134","GATAD2B","0.0",,"false","GATAD2B"
"2616","25","RASSF2","0.0",,"false","RASSF2"
"2621","133","MYOD1","0.0",,"false","MYOD1"
"2623","288","CHD1L","0.0",,"false","CHD1L"
"2625","287","CETN2","0.0",,"false","CETN2"
"2626","287","RAD23B","0.0",,"false","RAD23B"
"2628","71","CD300LF","0.0",,"false","CD300LF"
"2630","286","PER1","0.0",,"false","PER1"
"2632","1","RELA","0.41666666666666663","1","false","RELA"
"2635","285","XCR1","0.0",,"false","XCR1"
"2636","285","XCL1","0.0",,"false","XCL1"
"2638","70","SHFM1","0.0",,"false","SHFM1"
"2640","123","MUC1","0.3333333333333333","1","false","MUC1"
"2641","123","GALNT2","0.3333333333333333",,"false","GALNT2"
"2643","63","LGALS3","0.5","1","false","LGALS3"
"2647","132","ST8SIA4","0.0",,"false","ST8SIA4"
"2649","284","TTI1","0.0",,"false","TTI1"
"2651","8","ITK","0.11111111111111112",,"false","ITK"
"2653","283","PRKAA2","0.0",,"false","PRKAA2"
"2654","283","PRKAB2","0.0",,"false","PRKAB2"
"2656","282","HEXIM2","0.0",,"false","HEXIM2"
"2659","281","RPTOR","0.0",,"false","RPTOR"
"2660","281","RPS6KB1","0.0",,"false","RPS6KB1"
"2662","280","BBS1","0.0",,"false","BBS1"
"2664","279","WRN","0.5",,"false","WRN"
"2666","278","YWHAH","0.0",,"false","YWHAH"
"2667","278","MARK2","0.0",,"false","MARK2"
"2670","277","STIM1","0.0",,"false","STIM1"
"2671","277","ORAI1","0.0",,"false","ORAI1"
"2673","69","BRIP1","0.25",,"false","BRIP1"
"2676","119","FCGR2A","0.3333333333333333",,"false","FCGR2A"
"2678","131","CUBN","0.0",,"false","CUBN"
"2680","68","TCEA1","0.0",,"false","TCEA1"
"2682","41","ARID4A","0.6",,"false","ARID4A"
"2685","276","PFDN1","0.0",,"false","PFDN1"
"2689","67","CARM1","0.75","1","false","CARM1"
"2691","8","PTK2","0.11111111111111112",,"false","PTK2"
"2694","12","GTF2F2","0.0",,"false","GTF2F2"
"2697","130","ARRB2","0.0",,"false","ARRB2"
"2699","275","MYO7A","0.0",,"false","MYO7A"
"2700","275","MYRIP","0.0",,"false","MYRIP"
"2702","274","PSMG1","0.0",,"false","PSMG1"
"2703","274","PSMG2","0.0",,"false","PSMG2"
"2705","129","SH2D2A","0.0",,"false","SH2D2A"
"2707","273","HOXB6","0.0",,"false","HOXB6"
"2708","273","PKNOX1","0.0",,"false","PKNOX1"
"2712","272","EIF4B","0.0",,"false","EIF4B"
"2714","271","VPS29","0.0",,"false","VPS29"
"2716","16","SAP30","0.14285714285714285",,"false","SAP30"
"2719","270","GAB3","0.0",,"false","GAB3"
"2720","270","GRAP2","0.0",,"false","GRAP2"
"2722","269","STAG2","0.0",,"false","STAG2"
"2725","248","CLTB","0.5",,"false","CLTB"
"2727","268","ITCH","0.0",,"false","ITCH"
"2728","268","SPG20","0.0",,"false","SPG20"
"2730","128","RBSN","0.0",,"false","RBSN"
"2732","127","TERF2","0.0",,"false","TERF2"
"2734","267","MADCAM1","0.0",,"false","MADCAM1"
"2736","229","TONSL","0.0",,"false","TONSL"
"2739","266","SMAD2","0.0",,"false","SMAD2"
"2740","266","TRIM33","0.0",,"false","TRIM33"
"2744","1","GTF2I","0.41666666666666663",,"false","GTF2I"
"2747","27","CXCL9","0.5",,"false","CXCL9"
"2750","126","EME1","0.3333333333333333",,"false","EME1"
"2752","125","JAM2","0.0",,"false","JAM2"
"2754","265","NOS3","0.5","1","false","NOS3"
"2755","265","BDKRB2","0.5",,"false","BDKRB2"
"2757","264","MAP1A","0.0",,"false","MAP1A"
"2758","264","MAP1B","0.0",,"false","MAP1B"
"2760","40","PPARGC1A","0.4",,"false","PPARGC1A"
"2765","3","DCAF8","0.0",,"false","DCAF8"
"2768","263","DAXX","0.0",,"false","DAXX"
"2770","124","PPP3CA","0.0",,"false","PPP3CA"
"2773","262","CAPG","0.0",,"false","CAPG"
"2780","66","PPP6R2","0.0",,"false","PPP6R2"
"2784","261","AMOT","0.0",,"false","AMOT"
"2785","261","NF2","0.0",,"false","NF2"
"2787","123","GALNT1","0.3333333333333333",,"false","GALNT1"
"2789","17","UBE2M","0.14285714285714285",,"false","UBE2M"
"2791","260","TRAT1","0.5",,"false","TRAT1"
"2792","260","PIK3R1","0.5","1","false","PIK3R1"
"2798","259","CR1","0.0",,"false","CR1"
"2799","259","C4A","0.0",,"false","C4A"
"2801","220","C4B","0.0",,"false","C4B"
"2805","26","THOC3","0.0",,"false","THOC3"
"2807","258","HSPG2","0.5","1","false","HSPG2"
"2808","258","NID1","0.5",,"false","NID1"
"2811","37","CD44","0.4","1","false","CD44"
"2813","122","RGS16","0.0",,"false","RGS16"
"2817","39","TOP3A","0.0",,"false","TOP3A"
"2819","121","AP2A2","0.0",,"false","AP2A2"
"2822","25","RASSF4","0.0",,"false","RASSF4"
"2827","257","MLLT1","0.0",,"false","MLLT1"
"2828","257","DOT1L","0.0",,"false","DOT1L"
"2830","256","EXOSC4","0.0",,"false","EXOSC4"
"2831","256","EXOSC5","0.0",,"false","EXOSC5"
"2834","255","PHC2","0.0",,"false","PHC2"
"2837","254","PPP2R5A","0.0",,"false","PPP2R5A"
"2838","254","PPP2R1B","0.0",,"false","PPP2R1B"
"2840","253","KNL1","0.0",,"false","KNL1"
"2841","253","BUB1","0.0",,"false","BUB1"
"2844","53","GTF3C2","0.0",,"false","GTF3C2"
"2845","53","GTF3C4","0.0",,"false","GTF3C4"
"2847","65","RPL24","0.25",,"false","RPL24"
"2851","21","ANAPC10","0.16666666666666666",,"false","ANAPC10"
"2853","252","EYA3","0.0",,"false","EYA3"
"2854","252","SIX4","0.0",,"false","SIX4"
"2856","120","CPSF6","0.0",,"false","CPSF6"
"2858","251","KCNJ3","0.0",,"false","KCNJ3"
"2859","251","KCNJ6","0.0",,"false","KCNJ6"
"2862","38","SF3A3","0.0",,"false","SF3A3"
"2864","250","RMI2","0.0",,"false","RMI2"
"2865","250","RMI1","0.0",,"false","RMI1"
"2867","64","GNAI2","0.0",,"false","GNAI2"
"2869","50","ADCY5","0.25",,"false","ADCY5"
"2873","63","ZPR1","0.5",,"false","ZPR1"
"2877","249","HCK","0.0",,"false","HCK"
"2878","249","SOS1","0.0",,"false","SOS1"
"2882","37","TIMP1","0.4",,"false","TIMP1"
"2884","248","HIP1","0.5","1","false","HIP1"
"2886","62","IRAK1","0.0",,"false","IRAK1"
"2888","119","PLSCR1","0.3333333333333333",,"false","PLSCR1"
"2890","247","EEF1G","0.0",,"false","EEF1G"
"2892","246","RNF19A","0.5",,"false","RNF19A"
"2893","246","SOD1","0.5","1","false","SOD1"
"2896","118","COPS5","0.0",,"false","COPS5"
"2897","118","COPS7B","0.0",,"false","COPS7B"
"2900","245","SELPLG","0.0",,"false","SELPLG"
"2901","245","SELE","0.0",,"false","SELE"
"2903","36","GGA2","0.0",,"false","GGA2"
"2906","32","AGO2","0.0",,"false","AGO2"
"2909","117","KMT5A","0.0",,"false","KMT5A"
"2915","23","SP1","0.3333333333333333",,"false","SP1"
"2920","244","IL12B","0.0",,"false","IL12B"
"2921","244","IL12RB1","0.0",,"false","IL12RB1"
"2928","23","GATA2","0.3333333333333333",,"false","GATA2"
"2931","35","KARS","0.0",,"false","KARS"
"2936","61","LEO1","0.0",,"false","LEO1"
"2940","243","SMC6","0.0",,"false","SMC6"
"2941","243","SMC5","0.0",,"false","SMC5"
"2945","20","NUMBL","0.0",,"false","NUMBL"
"2947","34","PPM1D","0.0",,"false","PPM1D"
"2949","60","SNRPD1","0.0",,"false","SNRPD1"
"2951","24","STRN4","0.0",,"false","STRN4"
"2958","116","ITGA2","0.3333333333333333","1","false","ITGA2"
"2962","242","RXFP2","0.5",,"false","RXFP2"
"2965","241","SGO1","0.0",,"false","SGO1"
"2966","241","PPP2R5D","0.0",,"false","PPP2R5D"
"2968","115","MCM2","0.3333333333333333","1","false","MCM2"
"2971","240","OSGEP","0.0",,"false","OSGEP"
"2972","240","TPRKB","0.0",,"false","TPRKB"
"2974","1","TP73","0.41666666666666663","1","false","TP73"
"2979","24","SLMAP","0.0",,"false","SLMAP"
"2981","23","NFYB","0.3333333333333333",,"false","NFYB"
"2983","239","PDCD10","0.0",,"false","PDCD10"
"2984","239","STK26","0.0",,"false","STK26"
"2988","22","RANBP1","0.16666666666666666",,"false","RANBP1"
"2990","238","FZD8","0.0",,"false","FZD8"
"2991","238","LRP6","0.0",,"false","LRP6"
"2993","237","KNG1","0.5",,"false","KNG1"
"2994","237","CAPN1","0.5","1","false","CAPN1"
"2997","236","SREBF1","0.5","1","false","SREBF1"
"2999","53","GTF3C5","0.0",,"false","GTF3C5"
"3001","59","UPF1","0.0",,"false","UPF1"
"3003","14","RAPGEF1","0.14285714285714285",,"false","RAPGEF1"
"3006","235","ATXN7","0.0",,"false","ATXN7"
"3009","12","RECQL5","0.0",,"false","RECQL5"
"3013","52","CD79B","0.0",,"false","CD79B"
"3015","58","EPOR","0.25","1","false","EPOR"
"3018","234","ATF2","0.0",,"false","ATF2"
"3019","234","JDP2","0.0",,"false","JDP2"
"3021","16","CIITA","0.14285714285714285",,"false","CIITA"
"3023","114","RAD51","0.3333333333333333",,"false","RAD51"
"3029","233","SAP18","0.0",,"false","SAP18"
"3033","57","DCTN4","0.0",,"false","DCTN4"
"3035","232","UBE4B","0.0",,"false","UBE4B"
"3037","209","BUB1B","0.0",,"false","BUB1B"
"3039","231","STRA13","0.0",,"false","STRA13"
"3040","231","APITD1","0.0",,"false","APITD1"
"3045","15","RPL26","0.0",,"false","RPL26"
"3048","230","SNRNP70","0.0",,"false","SNRNP70"
"3049","230","SRPK2","0.0",,"false","SRPK2"
"3051","21","PTTG1","0.16666666666666666",,"false","PTTG1"
"3054","56","ASXL1","0.25",,"false","ASXL1"
"3056","113","FAM110A","0.0",,"false","FAM110A"
"3058","112","ARRDC3","0.0",,"false","ARRDC3"
"3062","20","UBA52","0.0",,"false","UBA52"
"3064","33","PARK7","0.4",,"false","PARK7"
"3066","55","ISG15","0.0",,"false","ISG15"
"3068","229","MMS22L","0.0",,"false","MMS22L"
"3070","51","PPP1CA","0.0",,"false","PPP1CA"
"3071","51","SH3RF2","0.0",,"false","SH3RF2"
"3073","228","PXMP2","0.0",,"false","PXMP2"
"3074","228","PEX19","0.0",,"false","PEX19"
"3077","227","TOR1A","0.0",,"false","TOR1A"
"3078","227","TOR1AIP1","0.0",,"false","TOR1AIP1"
"3081","226","NSMCE1","0.0",,"false","NSMCE1"
"3082","226","NSMCE3","0.0",,"false","NSMCE3"
"3084","225","TNRC6C","0.0",,"false","TNRC6C"
"3085","225","CNOT1","0.0",,"false","CNOT1"
"3088","14","EPHA2","0.14285714285714285","1","false","EPHA2"
"3090","224","LDHA","0.0",,"false","LDHA"
"3091","224","LDHB","0.0",,"false","LDHB"
"3094","223","NEDD4L","0.5",,"false","NEDD4L"
"3096","222","PTPN2","0.0",,"false","PTPN2"
"3103","221","EIF2S1","0.0",,"false","EIF2S1"
"3104","221","EIF2AK3","0.0",,"false","EIF2AK3"
"3106","220","C4BPA","0.0",,"false","C4BPA"
"3109","111","PCGF6","0.3333333333333333",,"false","PCGF6"
"3111","54","CBX1","0.25",,"false","CBX1"
"3113","12","ACTB","0.0",,"false","ACTB"
"3117","219","ODC1","0.0",,"false","ODC1"
"3118","219","OAZ1","0.0",,"false","OAZ1"
"3122","218","SLC8A1","0.0",,"false","SLC8A1"
"3123","218","ANK2","0.0",,"false","ANK2"
"3125","103","LRRK2","0.0",,"false","LRRK2"
"3126","103","DNM1L","0.0",,"false","DNM1L"
"3128","53","GTF3C1","0.0",,"false","GTF3C1"
"3130","110","PUF60","0.3333333333333333",,"false","PUF60"
"3133","51","PPP1R9A","0.0",,"false","PPP1R9A"
"3136","52","SLC4A1","0.0",,"false","SLC4A1"
"3139","109","UBXN7","0.0",,"false","UBXN7"
"3141","7","FAF1","0.0",,"false","FAF1"
"3145","217","SPC24","0.0",,"false","SPC24"
"3146","217","SPC25","0.0",,"false","SPC25"
"3150","108","NFE2L1","0.0",,"false","NFE2L1"
"3152","51","RRP1B","0.0",,"false","RRP1B"
"3155","216","SHARPIN","0.0",,"false","SHARPIN"
"3156","216","RBCK1","0.0",,"false","RBCK1"
"3158","215","ASGR1","0.0",,"false","ASGR1"
"3159","215","ASGR2","0.0",,"false","ASGR2"
"3161","214","SGTA","0.5","1","false","SGTA"
"3163","50","SDC4","0.25",,"false","SDC4"
"3166","213","BUB3","0.0",,"false","BUB3"
"3167","213","ZNF207","0.0",,"false","ZNF207"
"3169","107","NAF1","0.0",,"false","NAF1"
"3171","212","HNRNPA1","0.5","1","false","HNRNPA1"
"3172","212","HNRNPH3","0.5",,"false","HNRNPH3"
"3176","106","RNF31","0.0",,"false","RNF31"
"3178","105","GGA3","0.0",,"false","GGA3"
"3181","211","FOXP3","0.0",,"false","FOXP3"
"3182","211","NFATC1","0.0",,"false","NFATC1"
"3184","32","AGO1","0.0",,"false","AGO1"
"3186","210","UBE2C","0.0",,"false","UBE2C"
"3187","210","ANAPC11","0.0",,"false","ANAPC11"
"3190","209","MAD2L1BP","0.0",,"false","MAD2L1BP"
"3192","104","KLHL3","0.0",,"false","KLHL3"
"3196","32","AGO3","0.0",,"false","AGO3"
"3198","208","PTBP1","0.0",,"false","PTBP1"
"3200","103","MAP2K3","0.0",,"false","MAP2K3"
"3202","207","SRSF1","0.0",,"false","SRSF1"
"3203","207","EIF4A3","0.0",,"false","EIF4A3"
"3205","31","RAPGEF6","0.0",,"false","RAPGEF6"
"3207","206","CCP110","0.0",,"false","CCP110"
"3208","206","NEURL4","0.0",,"false","NEURL4"
"3211","20","UBE2V1","0.0",,"false","UBE2V1"
"3215","102","TPM3","0.0",,"false","TPM3"
"3217","205","ITGA6","0.0",,"false","ITGA6"
"3218","205","COL17A1","0.0",,"false","COL17A1"
"3220","204","GTF2H2","0.0",,"false","GTF2H2"
"3221","204","GTF2H4","0.0",,"false","GTF2H4"
